Etudiant;Sexe;Groupe;Salaire mensuel des parents;Nombre de frères et sœurs;Transport scolaire;Sciences;Langues;Rédaction;Moyenne
1;Féminin;Groupe B;de 30 000 à moins de 40 000;0;Non;72;72;74;Assez bien
2;Féminin;Groupe C;de 10 000 à moins de 20 000;0;Oui;69;90;88;Bien
3;Féminin;Groupe B;de 20 000 à moins de 30 000;0;Non;90;95;93;Très bien
4;Masculin;Groupe A;50 000 et plus;0;Non;47;57;44;Non admis
5;Masculin;Groupe C;de 10 000 à moins de 20 000;0;Non;76;78;75;Assez bien
6;Féminin;Groupe B;50 000 et plus;0;Non;71;83;78;Assez bien
7;Féminin;Groupe B;de 10 000 à moins de 20 000;0;Oui;88;95;92;Très bien
8;Masculin;Groupe B;de 10 000 à moins de 20 000;0;Non;40;43;39;Non admis
9;Masculin;Groupe D;moins de 10 000;0;Oui;64;64;67;Passable
10;Féminin;Groupe B;moins de 10 000;0;Non;38;60;50;Non admis
11;Masculin;Groupe C;50 000 et plus;0;Non;58;54;52;Passable
12;Masculin;Groupe D;50 000 et plus;0;Non;40;52;43;Non admis
13;Féminin;Groupe B;moins de 10 000;0;Non;65;81;73;Assez bien
14;Masculin;Groupe A;de 10 000 à moins de 20 000;0;Oui;78;72;70;Assez bien
15;Féminin;Groupe A;de 20 000 à moins de 30 000;0;Non;50;53;58;Passable
16;Féminin;Groupe C;de 40 000 à moins de 50 000;0;Non;69;75;78;Assez bien
17;Masculin;Groupe C;moins de 10 000;0;Non;88;89;86;Bien
18;Féminin;Groupe B;de 40 000 à moins de 50 000;0;Non;18;32;28;Non admis
19;Masculin;Groupe C;de 20 000 à moins de 30 000;0;Oui;46;42;46;Non admis
20;Féminin;Groupe C;50 000 et plus;0;Non;54;58;61;Passable
21;Masculin;Groupe D;moins de 10 000;0;Non;66;69;63;Passable
22;Féminin;Groupe B;de 10 000 à moins de 20 000;0;Oui;65;75;70;Assez bien
23;Masculin;Groupe D;de 10 000 à moins de 20 000;0;Non;44;54;53;Passable
24;Féminin;Groupe C;de 40 000 à moins de 50 000;0;Non;69;73;73;Assez bien
25;Masculin;Groupe D;de 30 000 à moins de 40 000;0;Oui;74;71;80;Assez bien
26;Masculin;Groupe A;de 20 000 à moins de 30 000;0;Non;73;74;72;Assez bien
27;Masculin;Groupe B;de 10 000 à moins de 20 000;0;Non;69;54;55;Passable
28;Féminin;Groupe C;de 30 000 à moins de 40 000;0;Non;67;69;75;Assez bien
29;Masculin;Groupe C;moins de 10 000;0;Non;70;70;65;Passable
30;Féminin;Groupe D;de 20 000 à moins de 30 000;0;Non;62;70;75;Passable
31;Féminin;Groupe D;de 10 000 à moins de 20 000;0;Non;69;74;74;Assez bien
32;Féminin;Groupe B;de 10 000 à moins de 20 000;0;Non;63;65;61;Passable
33;Féminin;Groupe E;de 20 000 à moins de 30 000;0;Non;56;72;65;Passable
34;Masculin;Groupe D;de 10 000 à moins de 20 000;0;Non;40;42;38;Non admis
35;Masculin;Groupe E;de 10 000 à moins de 20 000;0;Non;97;87;82;Bien
36;Masculin;Groupe E;50 000 et plus;0;Oui;81;81;79;Bien
37;Féminin;Groupe D;50 000 et plus;0;Non;74;81;83;Assez bien
38;Féminin;Groupe D;de 40 000 à moins de 50 000;0;Non;50;64;59;Passable
39;Féminin;Groupe D;50 000 et plus;0;Oui;75;90;88;Bien
40;Masculin;Groupe B;50 000 et plus;0;Non;57;56;57;Passable
41;Masculin;Groupe C;50 000 et plus;0;Non;55;61;54;Passable
42;Féminin;Groupe C;50 000 et plus;0;Non;58;73;68;Passable
43;Féminin;Groupe B;50 000 et plus;0;Non;53;58;65;Passable
44;Masculin;Groupe B;de 10 000 à moins de 20 000;0;Oui;59;65;66;Passable
45;Féminin;Groupe E;50 000 et plus;0;Non;50;56;54;Passable
46;Masculin;Groupe B;50 000 et plus;0;Non;65;54;57;Passable
47;Féminin;Groupe A;50 000 et plus;0;Oui;55;65;62;Passable
48;Féminin;Groupe C;moins de 10 000;0;Non;66;71;76;Assez bien
49;Féminin;Groupe D;50 000 et plus;0;Oui;57;74;76;Passable
50;Masculin;Groupe C;moins de 10 000;0;Oui;82;84;82;Bien
51;Masculin;Groupe E;de 10 000 à moins de 20 000;0;Non;53;55;48;Passable
52;Masculin;Groupe E;50 000 et plus;0;Oui;77;69;68;Assez bien
53;Masculin;Groupe C;de 10 000 à moins de 20 000;0;Non;53;44;42;Non admis
54;Masculin;Groupe D;moins de 10 000;0;Non;88;78;75;Bien
55;Féminin;Groupe C;de 40 000 à moins de 50 000;0;Oui;71;84;87;Bien
56;Féminin;Groupe C;moins de 10 000;0;Non;33;41;43;Non admis
57;Féminin;Groupe E;50 000 et plus;0;Oui;82;85;86;Bien
58;Masculin;Groupe D;50 000 et plus;0;Non;52;55;49;Passable
59;Masculin;Groupe D;de 10 000 à moins de 20 000;0;Oui;58;59;58;Passable
60;Féminin;Groupe C;de 40 000 à moins de 50 000;0;Non;0;17;10;Non admis
61;Masculin;Groupe E;de 30 000 à moins de 40 000;0;Oui;79;74;72;Assez bien
62;Masculin;Groupe A;de 40 000 à moins de 50 000;0;Non;39;39;34;Non admis
63;Masculin;Groupe A;50 000 et plus;0;Non;62;61;55;Passable
64;Féminin;Groupe C;50 000 et plus;0;Non;69;80;71;Assez bien
65;Féminin;Groupe D;de 40 000 à moins de 50 000;0;Non;59;58;59;Passable
66;Masculin;Groupe B;de 40 000 à moins de 50 000;0;Non;67;64;61;Passable
67;Masculin;Groupe D;de 40 000 à moins de 50 000;0;Non;45;37;37;Non admis
68;Féminin;Groupe C;de 10 000 à moins de 20 000;0;Non;60;72;74;Passable
69;Masculin;Groupe B;50 000 et plus;0;Non;61;58;56;Passable
70;Féminin;Groupe C;50 000 et plus;0;Non;39;64;57;Passable
71;Féminin;Groupe D;de 10 000 à moins de 20 000;0;Oui;58;63;73;Passable
72;Masculin;Groupe D;de 10 000 à moins de 20 000;0;Oui;63;55;63;Passable
73;Féminin;Groupe A;50 000 et plus;0;Non;41;51;48;Non admis
74;Masculin;Groupe C;de 40 000 à moins de 50 000;0;Non;61;57;56;Passable
75;Masculin;Groupe C;de 40 000 à moins de 50 000;0;Non;49;49;41;Non admis
76;Masculin;Groupe B;50 000 et plus;0;Non;44;41;38;Non admis
77;Masculin;Groupe E;de 40 000 à moins de 50 000;0;Non;30;26;22;Non admis
78;Masculin;Groupe A;de 30 000 à moins de 40 000;0;Oui;80;78;81;Bien
79;Féminin;Groupe D;de 40 000 à moins de 50 000;0;Oui;61;74;72;Passable
80;Féminin;Groupe E;de 20 000 à moins de 30 000;0;Non;62;68;68;Passable
81;Féminin;Groupe B;50 000 et plus;0;Non;47;49;50;Non admis
82;Masculin;Groupe B;moins de 10 000;0;Non;49;45;45;Non admis
83;Masculin;Groupe A;de 10 000 à moins de 20 000;0;Oui;50;47;54;Passable
84;Masculin;Groupe E;50 000 et plus;0;Non;72;64;63;Passable
85;Masculin;Groupe D;moins de 10 000;0;Non;42;39;34;Non admis
86;Féminin;Groupe C;de 10 000 à moins de 20 000;0;Non;73;80;82;Assez bien
87;Féminin;Groupe C;de 10 000 à moins de 20 000;0;Non;76;83;88;Bien
88;Féminin;Groupe D;50 000 et plus;0;Non;71;71;74;Assez bien
89;Féminin;Groupe A;de 10 000 à moins de 20 000;0;Non;58;70;67;Passable
90;Féminin;Groupe D;de 40 000 à moins de 50 000;0;Non;73;86;82;Bien
91;Féminin;Groupe C;de 30 000 à moins de 40 000;0;Non;65;72;74;Assez bien
92;Masculin;Groupe C;moins de 10 000;0;Non;27;34;36;Non admis
93;Masculin;Groupe C;moins de 10 000;0;Non;71;79;71;Assez bien
94;Masculin;Groupe C;50 000 et plus;0;Oui;43;45;50;Non admis
95;Féminin;Groupe B;de 10 000 à moins de 20 000;0;Non;79;86;92;Bien
96;Masculin;Groupe C;50 000 et plus;0;Oui;78;81;82;Bien
97;Masculin;Groupe B;de 40 000 à moins de 50 000;0;Oui;65;66;62;Passable
98;Féminin;Groupe E;de 10 000 à moins de 20 000;0;Oui;63;72;70;Passable
99;Féminin;Groupe D;de 10 000 à moins de 20 000;0;Non;58;67;62;Passable
100;Féminin;Groupe D;de 30 000 à moins de 40 000;0;Non;65;67;62;Passable
101;Masculin;Groupe B;de 10 000 à moins de 20 000;0;Non;79;67;67;Assez bien
102;Masculin;Groupe D;de 30 000 à moins de 40 000;0;Oui;68;74;74;Assez bien
103;Féminin;Groupe D;50 000 et plus;0;Non;85;91;89;Bien
104;Masculin;Groupe B;moins de 10 000;0;Oui;60;44;47;Passable
105;Masculin;Groupe C;de 10 000 à moins de 20 000;0;Oui;98;86;90;Très bien
106;Féminin;Groupe C;de 10 000 à moins de 20 000;0;Non;58;67;72;Passable
107;Féminin;Groupe D;de 20 000 à moins de 30 000;0;Non;87;100;100;Très bien
108;Masculin;Groupe E;50 000 et plus;1;Oui;66;63;64;Passable
109;Féminin;Groupe B;50 000 et plus;1;Non;52;76;70;Passable
110;Féminin;Groupe B;de 40 000 à moins de 50 000;1;Non;70;64;72;Passable
111;Féminin;Groupe D;50 000 et plus;1;Oui;77;89;98;Bien
112;Masculin;Groupe C;moins de 10 000;1;Non;62;55;49;Passable
113;Masculin;Groupe A;50 000 et plus;1;Non;54;53;47;Passable
114;Féminin;Groupe D;de 10 000 à moins de 20 000;1;Non;51;58;54;Passable
115;Féminin;Groupe E;de 30 000 à moins de 40 000;1;Oui;99;100;100;Très bien
116;Masculin;Groupe C;moins de 10 000;1;Non;84;77;74;Assez bien
117;Féminin;Groupe B;de 30 000 à moins de 40 000;1;Non;75;85;82;Bien
118;Féminin;Groupe D;de 30 000 à moins de 40 000;1;Non;78;82;79;Bien
119;Féminin;Groupe D;de 40 000 à moins de 50 000;1;Non;51;63;61;Passable
120;Féminin;Groupe C;de 10 000 à moins de 20 000;1;Non;55;69;65;Passable
121;Féminin;Groupe C;de 30 000 à moins de 40 000;1;Oui;79;92;89;Bien
122;Masculin;Groupe B;50 000 et plus;1;Oui;91;89;92;Très bien
123;Féminin;Groupe C;de 10 000 à moins de 20 000;1;Oui;88;93;93;Très bien
124;Masculin;Groupe D;moins de 10 000;1;Non;63;57;56;Passable
125;Masculin;Groupe E;de 10 000 à moins de 20 000;1;Non;83;80;73;Assez bien
126;Féminin;Groupe B;moins de 10 000;1;Non;87;95;86;Bien
127;Masculin;Groupe B;de 40 000 à moins de 50 000;1;Non;72;68;67;Passable
128;Masculin;Groupe D;de 10 000 à moins de 20 000;1;Oui;65;77;74;Assez bien
129;Masculin;Groupe D;de 20 000 à moins de 30 000;1;Non;82;82;74;Assez bien
130;Féminin;Groupe A;de 30 000 à moins de 40 000;1;Non;51;49;51;Passable
131;Masculin;Groupe D;de 20 000 à moins de 30 000;1;Non;89;84;82;Bien
132;Masculin;Groupe C;de 40 000 à moins de 50 000;1;Oui;53;37;40;Non admis
133;Masculin;Groupe E;de 10 000 à moins de 20 000;1;Oui;87;74;70;Assez bien
134;Féminin;Groupe C;de 10 000 à moins de 20 000;1;Oui;75;81;84;Bien
135;Masculin;Groupe D;de 30 000 à moins de 40 000;1;Oui;74;79;75;Assez bien
136;Masculin;Groupe C;de 30 000 à moins de 40 000;1;Non;58;55;48;Passable
137;Masculin;Groupe B;de 40 000 à moins de 50 000;1;Oui;51;54;41;Non admis
138;Masculin;Groupe E;moins de 10 000;1;Non;70;55;56;Passable
139;Féminin;Groupe C;50 000 et plus;1;Non;59;66;67;Passable
140;Masculin;Groupe D;de 10 000 à moins de 20 000;1;Oui;71;61;69;Passable
141;Féminin;Groupe D;de 40 000 à moins de 50 000;1;Non;76;72;71;Assez bien
142;Féminin;Groupe C;de 10 000 à moins de 20 000;1;Non;59;62;64;Passable
143;Féminin;Groupe E;de 10 000 à moins de 20 000;1;Oui;42;55;54;Passable
144;Masculin;Groupe A;moins de 10 000;1;Non;57;43;47;Non admis
145;Masculin;Groupe D;de 10 000 à moins de 20 000;1;Non;88;73;78;Bien
146;Féminin;Groupe C;de 10 000 à moins de 20 000;1;Non;22;39;33;Non admis
147;Masculin;Groupe B;de 40 000 à moins de 50 000;1;Non;88;84;75;Bien
148;Masculin;Groupe C;50 000 et plus;1;Non;73;68;66;Passable
149;Féminin;Groupe D;de 30 000 à moins de 40 000;1;Oui;68;75;81;Assez bien
150;Masculin;Groupe E;50 000 et plus;1;Oui;100;100;93;Très bien
151;Masculin;Groupe A;de 40 000 à moins de 50 000;1;Oui;62;67;69;Passable
152;Masculin;Groupe A;de 30 000 à moins de 40 000;1;Non;77;67;68;Assez bien
153;Féminin;Groupe B;50 000 et plus;1;Oui;59;70;66;Passable
154;Masculin;Groupe D;de 30 000 à moins de 40 000;1;Non;54;49;47;Passable
155;Masculin;Groupe D;de 40 000 à moins de 50 000;1;Non;62;67;61;Passable
156;Féminin;Groupe C;de 10 000 à moins de 20 000;1;Oui;70;89;88;Bien
157;Féminin;Groupe E;moins de 10 000;1;Oui;66;74;78;Assez bien
158;Masculin;Groupe B;de 10 000 à moins de 20 000;1;Non;60;60;60;Passable
159;Féminin;Groupe B;50 000 et plus;1;Oui;61;86;87;Assez bien
160;Masculin;Groupe D;50 000 et plus;1;Non;66;62;64;Passable
161;Masculin;Groupe B;50 000 et plus;1;Oui;82;78;74;Assez bien
162;Féminin;Groupe E;de 10 000 à moins de 20 000;1;Oui;75;88;85;Bien
163;Masculin;Groupe B;de 20 000 à moins de 30 000;1;Non;49;53;52;Passable
164;Masculin;Groupe C;moins de 10 000;1;Non;52;53;49;Passable
165;Féminin;Groupe E;de 20 000 à moins de 30 000;1;Non;81;92;91;Bien
166;Féminin;Groupe C;de 30 000 à moins de 40 000;1;Oui;96;100;100;Très bien
167;Masculin;Groupe C;moins de 10 000;1;Oui;53;51;51;Passable
168;Féminin;Groupe B;de 20 000 à moins de 30 000;1;Oui;58;76;78;Assez bien
169;Féminin;Groupe B;moins de 10 000;1;Oui;68;83;78;Assez bien
170;Féminin;Groupe C;de 10 000 à moins de 20 000;1;Oui;67;75;70;Assez bien
171;Masculin;Groupe A;moins de 10 000;1;Oui;72;73;74;Assez bien
172;Masculin;Groupe E;de 40 000 à moins de 50 000;1;Non;94;88;78;Bien
173;Féminin;Groupe D;de 10 000 à moins de 20 000;1;Non;79;86;81;Bien
174;Féminin;Groupe C;50 000 et plus;1;Non;63;67;70;Passable
175;Féminin;Groupe C;de 30 000 à moins de 40 000;1;Oui;43;51;54;Non admis
176;Féminin;Groupe C;de 20 000 à moins de 30 000;1;Oui;81;91;87;Bien
177;Féminin;Groupe B;moins de 10 000;1;Oui;46;54;58;Passable
178;Féminin;Groupe C;50 000 et plus;1;Oui;71;77;77;Assez bien
179;Féminin;Groupe B;de 20 000 à moins de 30 000;1;Oui;52;70;62;Passable
180;Féminin;Groupe D;de 40 000 à moins de 50 000;1;Oui;97;100;100;Très bien
181;Masculin;Groupe C;de 20 000 à moins de 30 000;1;Oui;62;68;75;Passable
182;Féminin;Groupe C;de 10 000 à moins de 20 000;1;Non;46;64;66;Passable
183;Féminin;Groupe E;moins de 10 000;1;Non;50;50;47;Non admis
184;Féminin;Groupe D;50 000 et plus;1;Non;65;69;70;Passable
185;Masculin;Groupe C;de 40 000 à moins de 50 000;1;Oui;45;52;49;Non admis
186;Masculin;Groupe C;50 000 et plus;1;Oui;65;67;65;Passable
187;Masculin;Groupe E;moins de 10 000;1;Non;80;76;65;Assez bien
188;Masculin;Groupe D;de 40 000 à moins de 50 000;1;Oui;62;66;68;Passable
189;Masculin;Groupe B;de 40 000 à moins de 50 000;1;Non;48;52;45;Non admis
190;Féminin;Groupe C;de 30 000 à moins de 40 000;1;Non;77;88;87;Bien
191;Féminin;Groupe E;50 000 et plus;1;Non;66;65;69;Passable
192;Masculin;Groupe D;de 10 000 à moins de 20 000;1;Oui;76;83;79;Assez bien
193;Féminin;Groupe B;de 40 000 à moins de 50 000;1;Non;62;64;66;Passable
194;Masculin;Groupe D;de 10 000 à moins de 20 000;1;Oui;77;62;62;Passable
195;Féminin;Groupe C;de 20 000 à moins de 30 000;1;Oui;69;84;85;Assez bien
196;Masculin;Groupe D;50 000 et plus;1;Non;61;55;52;Passable
197;Masculin;Groupe C;de 40 000 à moins de 50 000;1;Oui;59;69;65;Passable
198;Masculin;Groupe E;moins de 10 000;1;Non;55;56;51;Passable
199;Féminin;Groupe B;de 10 000 à moins de 20 000;1;Non;45;53;55;Passable
200;Féminin;Groupe B;de 30 000 à moins de 40 000;1;Non;78;79;76;Assez bien
201;Féminin;Groupe C;50 000 et plus;1;Oui;67;84;86;Assez bien
202;Féminin;Groupe D;de 10 000 à moins de 20 000;1;Non;65;81;77;Assez bien
203;Masculin;Groupe C;50 000 et plus;1;Non;69;77;69;Assez bien
204;Féminin;Groupe B;50 000 et plus;1;Non;57;69;68;Passable
205;Masculin;Groupe C;de 10 000 à moins de 20 000;1;Non;59;41;42;Non admis
206;Masculin;Groupe D;de 40 000 à moins de 50 000;1;Oui;74;71;78;Assez bien
207;Masculin;Groupe E;de 30 000 à moins de 40 000;1;Non;82;62;62;Passable
208;Masculin;Groupe E;moins de 10 000;1;Oui;81;80;76;Assez bien
209;Féminin;Groupe B;de 10 000 à moins de 20 000;1;Non;74;81;76;Assez bien
210;Féminin;Groupe B;de 10 000 à moins de 20 000;1;Non;58;61;66;Passable
211;Masculin;Groupe D;de 40 000 à moins de 50 000;1;Oui;80;79;79;Assez bien
212;Masculin;Groupe C;de 10 000 à moins de 20 000;1;Non;35;28;27;Non admis
213;Féminin;Groupe C;moins de 10 000;1;Non;42;62;60;Passable
214;Masculin;Groupe C;50 000 et plus;1;Oui;60;51;56;Passable
215;Masculin;Groupe E;moins de 10 000;1;Oui;87;91;81;Bien
216;Masculin;Groupe B;de 40 000 à moins de 50 000;1;Oui;84;83;75;Bien
217;Féminin;Groupe E;50 000 et plus;1;Oui;83;86;88;Bien
218;Féminin;Groupe C;moins de 10 000;1;Non;34;42;39;Non admis
219;Masculin;Groupe B;moins de 10 000;1;Non;66;77;70;Assez bien
220;Masculin;Groupe B;de 40 000 à moins de 50 000;1;Oui;61;56;56;Passable
221;Féminin;Groupe D;moins de 10 000;1;Oui;56;68;74;Passable
222;Masculin;Groupe B;50 000 et plus;1;Non;87;85;73;Bien
223;Féminin;Groupe C;de 40 000 à moins de 50 000;1;Non;55;65;62;Passable
224;Masculin;Groupe D;de 40 000 à moins de 50 000;1;Non;86;80;75;Bien
225;Féminin;Groupe B;50 000 et plus;1;Oui;52;66;73;Passable
226;Féminin;Groupe E;de 20 000 à moins de 30 000;1;Non;45;56;54;Passable
227;Féminin;Groupe C;de 10 000 à moins de 20 000;1;Non;72;72;71;Assez bien
228;Masculin;Groupe D;moins de 10 000;1;Non;57;50;54;Passable
229;Masculin;Groupe A;de 40 000 à moins de 50 000;1;Non;68;72;64;Passable
230;Féminin;Groupe C;de 10 000 à moins de 20 000;1;Oui;88;95;94;Très bien
231;Masculin;Groupe D;de 10 000 à moins de 20 000;1;Non;76;64;66;Passable
232;Masculin;Groupe C;50 000 et plus;1;Non;46;43;42;Non admis
233;Féminin;Groupe B;de 30 000 à moins de 40 000;1;Non;67;86;83;Assez bien
234;Masculin;Groupe E;de 40 000 à moins de 50 000;1;Non;92;87;78;Bien
235;Masculin;Groupe C;de 30 000 à moins de 40 000;1;Oui;83;82;84;Bien
236;Masculin;Groupe D;50 000 et plus;1;Non;80;75;77;Assez bien
237;Masculin;Groupe D;de 30 000 à moins de 40 000;1;Non;63;66;67;Passable
238;Féminin;Groupe D;de 40 000 à moins de 50 000;1;Oui;64;60;74;Passable
239;Masculin;Groupe B;de 10 000 à moins de 20 000;1;Non;54;52;51;Passable
240;Masculin;Groupe C;50 000 et plus;1;Non;84;80;80;Bien
241;Masculin;Groupe D;moins de 10 000;1;Oui;73;68;66;Passable
242;Féminin;Groupe E;de 30 000 à moins de 40 000;1;Non;80;83;83;Bien
243;Féminin;Groupe D;moins de 10 000;1;Non;56;52;55;Passable
244;Masculin;Groupe E;de 10 000 à moins de 20 000;1;Non;59;51;43;Passable
245;Masculin;Groupe D;de 40 000 à moins de 50 000;1;Non;75;74;69;Assez bien
246;Masculin;Groupe C;50 000 et plus;1;Non;85;76;71;Assez bien
247;Masculin;Groupe E;50 000 et plus;1;Non;89;76;74;Bien
248;Féminin;Groupe B;moins de 10 000;1;Oui;58;70;68;Passable
249;Féminin;Groupe B;moins de 10 000;1;Non;65;64;62;Passable
250;Masculin;Groupe C;moins de 10 000;1;Non;68;60;53;Passable
251;Masculin;Groupe A;de 40 000 à moins de 50 000;1;Oui;47;49;49;Non admis
252;Féminin;Groupe D;de 10 000 à moins de 20 000;1;Non;71;83;83;Assez bien
253;Féminin;Groupe B;de 40 000 à moins de 50 000;1;Oui;60;70;70;Passable
254;Masculin;Groupe D;de 20 000 à moins de 30 000;1;Non;80;80;72;Assez bien
255;Masculin;Groupe D;moins de 10 000;1;Non;54;52;52;Passable
256;Féminin;Groupe E;de 10 000 à moins de 20 000;1;Non;62;73;70;Passable
257;Féminin;Groupe C;50 000 et plus;1;Non;64;73;68;Passable
258;Masculin;Groupe C;50 000 et plus;1;Oui;78;77;77;Assez bien
259;Féminin;Groupe B;de 10 000 à moins de 20 000;1;Non;70;75;78;Assez bien
260;Féminin;Groupe C;de 20 000 à moins de 30 000;1;Oui;65;81;81;Assez bien
261;Féminin;Groupe C;de 40 000 à moins de 50 000;1;Oui;64;79;77;Assez bien
262;Masculin;Groupe C;de 10 000 à moins de 20 000;1;Oui;79;79;78;Assez bien
263;Féminin;Groupe C;de 40 000 à moins de 50 000;1;Non;44;50;51;Non admis
264;Féminin;Groupe E;moins de 10 000;1;Non;99;93;90;Très bien
265;Masculin;Groupe D;moins de 10 000;1;Non;76;73;68;Assez bien
266;Masculin;Groupe D;de 40 000 à moins de 50 000;1;Non;59;42;41;Non admis
267;Féminin;Groupe C;de 30 000 à moins de 40 000;1;Non;63;75;81;Assez bien
268;Féminin;Groupe D;moins de 10 000;1;Non;69;72;77;Assez bien
269;Féminin;Groupe D;50 000 et plus;1;Oui;88;92;95;Très bien
270;Féminin;Groupe E;de 10 000 à moins de 20 000;1;Non;71;76;70;Assez bien
271;Masculin;Groupe C;de 30 000 à moins de 40 000;1;Non;69;63;61;Passable
272;Masculin;Groupe C;de 10 000 à moins de 20 000;1;Non;58;49;42;Passable
273;Féminin;Groupe D;50 000 et plus;1;Non;47;53;58;Passable
274;Féminin;Groupe D;de 10 000 à moins de 20 000;1;Non;65;70;71;Passable
275;Masculin;Groupe B;de 10 000 à moins de 20 000;1;Oui;88;85;76;Bien
276;Masculin;Groupe C;de 30 000 à moins de 40 000;1;Non;83;78;73;Assez bien
277;Féminin;Groupe C;de 40 000 à moins de 50 000;2;Oui;85;92;93;Très bien
278;Féminin;Groupe E;moins de 10 000;2;Oui;59;63;75;Passable
279;Féminin;Groupe C;de 40 000 à moins de 50 000;2;Non;65;86;80;Assez bien
280;Masculin;Groupe B;de 30 000 à moins de 40 000;2;Non;73;56;57;Passable
281;Masculin;Groupe D;moins de 10 000;2;Non;53;52;42;Non admis
282;Masculin;Groupe D;moins de 10 000;2;Non;45;48;46;Non admis
283;Féminin;Groupe D;de 30 000 à moins de 40 000;2;Non;73;79;84;Assez bien
284;Féminin;Groupe D;de 10 000 à moins de 20 000;2;Oui;70;78;78;Assez bien
285;Féminin;Groupe B;de 40 000 à moins de 50 000;2;Non;37;46;46;Non admis
286;Masculin;Groupe B;50 000 et plus;2;Oui;81;82;82;Bien
287;Masculin;Groupe E;50 000 et plus;2;Oui;97;82;88;Bien
288;Féminin;Groupe B;de 40 000 à moins de 50 000;2;Non;67;89;82;Assez bien
289;Masculin;Groupe B;de 30 000 à moins de 40 000;2;Non;88;75;76;Bien
290;Masculin;Groupe E;de 40 000 à moins de 50 000;2;Oui;77;76;77;Assez bien
291;Masculin;Groupe C;50 000 et plus;2;Non;76;70;68;Assez bien
292;Masculin;Groupe D;de 40 000 à moins de 50 000;2;Non;86;73;70;Assez bien
293;Masculin;Groupe C;de 40 000 à moins de 50 000;2;Oui;63;60;57;Passable
294;Féminin;Groupe E;de 30 000 à moins de 40 000;2;Non;65;73;75;Assez bien
295;Masculin;Groupe D;moins de 10 000;2;Oui;78;77;80;Assez bien
296;Masculin;Groupe B;50 000 et plus;2;Non;67;62;60;Passable
297;Masculin;Groupe A;de 40 000 à moins de 50 000;2;Oui;46;41;43;Non admis
298;Masculin;Groupe E;50 000 et plus;2;Oui;71;74;68;Assez bien
299;Masculin;Groupe C;moins de 10 000;2;Oui;40;46;50;Non admis
300;Masculin;Groupe D;50 000 et plus;2;Non;90;87;75;Bien
301;Masculin;Groupe A;de 10 000 à moins de 20 000;2;Oui;81;78;81;Bien
302;Masculin;Groupe D;de 40 000 à moins de 50 000;2;Non;56;54;52;Passable
303;Féminin;Groupe C;50 000 et plus;2;Oui;67;84;81;Assez bien
304;Masculin;Groupe B;50 000 et plus;2;Non;80;76;64;Assez bien
305;Féminin;Groupe C;50 000 et plus;2;Oui;74;75;83;Assez bien
306;Masculin;Groupe A;de 10 000 à moins de 20 000;2;Non;69;67;69;Passable
307;Masculin;Groupe E;de 10 000 à moins de 20 000;2;Oui;99;87;81;Bien
308;Masculin;Groupe C;de 40 000 à moins de 50 000;2;Non;51;52;44;Non admis
309;Féminin;Groupe B;50 000 et plus;2;Non;53;71;67;Passable
310;Féminin;Groupe D;moins de 10 000;2;Non;49;57;52;Passable
311;Féminin;Groupe B;50 000 et plus;2;Non;73;76;80;Assez bien
312;Masculin;Groupe B;de 30 000 à moins de 40 000;2;Non;66;60;57;Passable
313;Masculin;Groupe D;de 30 000 à moins de 40 000;2;Oui;67;61;68;Passable
314;Féminin;Groupe C;50 000 et plus;2;Oui;68;67;69;Passable
315;Féminin;Groupe C;de 30 000 à moins de 40 000;2;Oui;59;64;75;Passable
316;Masculin;Groupe C;moins de 10 000;2;Non;71;66;65;Passable
317;Féminin;Groupe D;de 20 000 à moins de 30 000;2;Oui;77;82;91;Bien
318;Masculin;Groupe C;50 000 et plus;2;Non;83;72;78;Assez bien
319;Masculin;Groupe B;de 30 000 à moins de 40 000;2;Non;63;71;69;Passable
320;Féminin;Groupe D;50 000 et plus;2;Non;56;65;63;Passable
321;Féminin;Groupe C;moins de 10 000;2;Oui;67;79;84;Assez bien
322;Féminin;Groupe E;moins de 10 000;2;Non;75;86;79;Bien
323;Féminin;Groupe C;de 10 000 à moins de 20 000;2;Non;71;81;80;Assez bien
324;Féminin;Groupe C;de 40 000 à moins de 50 000;2;Non;43;53;53;Passable
325;Féminin;Groupe C;moins de 10 000;2;Non;41;46;43;Non admis
326;Féminin;Groupe C;de 10 000 à moins de 20 000;2;Non;82;90;94;Bien
327;Masculin;Groupe C;de 10 000 à moins de 20 000;2;Non;61;61;62;Passable
328;Masculin;Groupe A;de 10 000 à moins de 20 000;2;Non;28;23;19;Non admis
329;Masculin;Groupe C;50 000 et plus;2;Oui;82;75;77;Assez bien
330;Féminin;Groupe B;de 40 000 à moins de 50 000;2;Non;41;55;51;Non admis
331;Masculin;Groupe C;moins de 10 000;2;Non;71;60;61;Passable
332;Masculin;Groupe C;50 000 et plus;2;Non;47;37;35;Non admis
333;Masculin;Groupe E;50 000 et plus;2;Oui;62;56;53;Passable
334;Masculin;Groupe B;50 000 et plus;2;Non;90;78;81;Bien
335;Féminin;Groupe C;de 30 000 à moins de 40 000;2;Non;83;93;95;Très bien
336;Féminin;Groupe B;de 10 000 à moins de 20 000;2;Non;61;68;66;Passable
337;Masculin;Groupe D;de 40 000 à moins de 50 000;2;Oui;76;70;69;Assez bien
338;Masculin;Groupe C;50 000 et plus;2;Non;49;51;43;Non admis
339;Féminin;Groupe B;de 40 000 à moins de 50 000;2;Non;24;38;27;Non admis
340;Féminin;Groupe D;de 40 000 à moins de 50 000;2;Oui;35;55;60;Passable
341;Masculin;Groupe C;moins de 10 000;2;Non;58;61;52;Passable
342;Féminin;Groupe C;moins de 10 000;2;Non;61;73;63;Passable
343;Féminin;Groupe B;moins de 10 000;2;Oui;69;76;74;Assez bien
344;Masculin;Groupe D;50 000 et plus;2;Oui;67;72;67;Passable
345;Masculin;Groupe D;de 10 000 à moins de 20 000;2;Non;79;73;67;Assez bien
346;Féminin;Groupe C;moins de 10 000;2;Non;72;80;75;Assez bien
347;Masculin;Groupe B;de 10 000 à moins de 20 000;2;Non;62;61;57;Passable
348;Féminin;Groupe C;de 30 000 à moins de 40 000;2;Oui;77;94;95;Bien
349;Masculin;Groupe D;moins de 10 000;2;Non;75;74;66;Assez bien
350;Masculin;Groupe E;50 000 et plus;2;Non;87;74;76;Assez bien
351;Féminin;Groupe B;de 30 000 à moins de 40 000;2;Non;52;65;69;Passable
352;Masculin;Groupe E;de 10 000 à moins de 20 000;2;Non;66;57;52;Passable
353;Féminin;Groupe C;de 10 000 à moins de 20 000;2;Oui;63;78;80;Assez bien
354;Féminin;Groupe C;50 000 et plus;2;Non;46;58;57;Passable
355;Féminin;Groupe C;de 10 000 à moins de 20 000;2;Non;59;71;70;Passable
356;Féminin;Groupe B;de 30 000 à moins de 40 000;2;Non;61;72;70;Passable
357;Masculin;Groupe A;50 000 et plus;2;Non;63;61;61;Passable
358;Féminin;Groupe C;de 10 000 à moins de 20 000;2;Oui;42;66;69;Passable
359;Masculin;Groupe D;de 10 000 à moins de 20 000;2;Non;59;62;61;Passable
360;Féminin;Groupe D;de 10 000 à moins de 20 000;2;Non;80;90;89;Bien
361;Féminin;Groupe B;moins de 10 000;2;Non;58;62;59;Passable
362;Masculin;Groupe B;de 40 000 à moins de 50 000;2;Oui;85;84;78;Bien
363;Féminin;Groupe C;de 10 000 à moins de 20 000;2;Non;52;58;58;Passable
364;Féminin;Groupe D;de 40 000 à moins de 50 000;2;Non;27;34;32;Non admis
365;Masculin;Groupe C;de 10 000 à moins de 20 000;2;Non;59;60;58;Passable
366;Masculin;Groupe A;de 30 000 à moins de 40 000;2;Oui;49;58;60;Passable
367;Masculin;Groupe C;moins de 10 000;2;Oui;69;58;53;Passable
368;Masculin;Groupe C;de 30 000 à moins de 40 000;2;Non;61;66;61;Passable
369;Féminin;Groupe A;de 40 000 à moins de 50 000;2;Non;44;64;58;Passable
370;Féminin;Groupe D;de 40 000 à moins de 50 000;2;Non;73;84;85;Bien
371;Masculin;Groupe E;de 10 000 à moins de 20 000;2;Non;84;77;71;Assez bien
372;Féminin;Groupe C;de 10 000 à moins de 20 000;2;Oui;45;73;70;Passable
373;Masculin;Groupe D;de 40 000 à moins de 50 000;2;Non;74;74;72;Assez bien
374;Féminin;Groupe D;de 10 000 à moins de 20 000;2;Oui;82;97;96;Très bien
375;Féminin;Groupe D;de 30 000 à moins de 40 000;2;Non;59;70;73;Passable
376;Masculin;Groupe E;50 000 et plus;2;Non;46;43;41;Non admis
377;Féminin;Groupe D;de 40 000 à moins de 50 000;2;Non;80;90;82;Bien
378;Féminin;Groupe D;de 20 000 à moins de 30 000;2;Oui;85;95;100;Très bien
379;Féminin;Groupe A;de 40 000 à moins de 50 000;2;Non;71;83;77;Assez bien
380;Masculin;Groupe A;de 30 000 à moins de 40 000;2;Non;66;64;62;Passable
381;Féminin;Groupe B;50 000 et plus;2;Non;80;86;83;Bien
382;Masculin;Groupe C;50 000 et plus;2;Oui;87;100;95;Très bien
383;Masculin;Groupe C;de 20 000 à moins de 30 000;2;Non;79;81;71;Assez bien
384;Féminin;Groupe E;de 40 000 à moins de 50 000;2;Non;38;49;45;Non admis
385;Féminin;Groupe A;de 40 000 à moins de 50 000;2;Non;38;43;43;Non admis
386;Féminin;Groupe E;de 10 000 à moins de 20 000;2;Non;67;76;75;Assez bien
387;Féminin;Groupe E;de 30 000 à moins de 40 000;2;Non;64;73;70;Passable
388;Féminin;Groupe C;50 000 et plus;2;Non;57;78;67;Passable
389;Féminin;Groupe D;moins de 10 000;2;Non;62;64;64;Passable
390;Masculin;Groupe D;de 20 000 à moins de 30 000;2;Non;73;70;75;Assez bien
391;Masculin;Groupe E;de 40 000 à moins de 50 000;2;Oui;73;67;59;Passable
392;Féminin;Groupe D;de 10 000 à moins de 20 000;2;Non;77;68;77;Assez bien
393;Masculin;Groupe E;de 10 000 à moins de 20 000;2;Non;76;67;67;Assez bien
394;Masculin;Groupe C;50 000 et plus;2;Oui;57;54;56;Passable
395;Féminin;Groupe C;de 40 000 à moins de 50 000;2;Oui;65;74;77;Assez bien
396;Masculin;Groupe A;moins de 10 000;2;Non;48;45;41;Non admis
397;Féminin;Groupe B;moins de 10 000;2;Non;50;67;63;Passable
398;Féminin;Groupe C;50 000 et plus;2;Non;85;89;95;Très bien
399;Masculin;Groupe B;de 40 000 à moins de 50 000;2;Non;74;63;57;Passable
400;Masculin;Groupe D;de 40 000 à moins de 50 000;2;Non;60;59;54;Passable
401;Féminin;Groupe C;de 40 000 à moins de 50 000;2;Oui;59;54;67;Passable
402;Masculin;Groupe A;de 10 000 à moins de 20 000;2;Non;53;43;43;Non admis
403;Féminin;Groupe A;de 10 000 à moins de 20 000;2;Non;49;65;55;Passable
404;Féminin;Groupe D;moins de 10 000;2;Oui;88;99;100;Très bien
405;Féminin;Groupe C;moins de 10 000;2;Non;54;59;62;Passable
406;Féminin;Groupe C;de 40 000 à moins de 50 000;2;Non;63;73;68;Passable
407;Masculin;Groupe B;50 000 et plus;2;Oui;65;65;63;Passable
408;Féminin;Groupe B;50 000 et plus;2;Non;82;80;77;Bien
409;Féminin;Groupe D;moins de 10 000;2;Oui;52;57;56;Passable
410;Masculin;Groupe D;50 000 et plus;2;Oui;87;84;85;Bien
411;Féminin;Groupe D;de 20 000 à moins de 30 000;2;Oui;70;71;74;Assez bien
412;Masculin;Groupe E;de 10 000 à moins de 20 000;2;Oui;84;83;78;Bien
413;Masculin;Groupe D;50 000 et plus;2;Non;71;66;60;Passable
414;Masculin;Groupe B;de 40 000 à moins de 50 000;2;Oui;63;67;67;Passable
415;Féminin;Groupe C;de 30 000 à moins de 40 000;2;Oui;51;72;79;Passable
416;Masculin;Groupe E;moins de 10 000;2;Non;84;73;69;Assez bien
417;Masculin;Groupe C;de 30 000 à moins de 40 000;2;Oui;71;74;68;Assez bien
418;Masculin;Groupe C;50 000 et plus;2;Non;74;73;67;Assez bien
419;Masculin;Groupe D;de 10 000 à moins de 20 000;2;Non;68;59;62;Passable
420;Masculin;Groupe E;moins de 10 000;2;Oui;57;56;54;Passable
421;Féminin;Groupe C;50 000 et plus;2;Oui;82;93;93;Bien
422;Féminin;Groupe D;moins de 10 000;2;Oui;57;58;64;Passable
423;Féminin;Groupe D;de 20 000 à moins de 30 000;2;Oui;47;58;67;Passable
424;Féminin;Groupe A;de 40 000 à moins de 50 000;2;Oui;59;85;80;Assez bien
425;Masculin;Groupe B;de 10 000 à moins de 20 000;2;Non;41;39;34;Non admis
426;Féminin;Groupe C;de 10 000 à moins de 20 000;2;Non;62;67;62;Passable
427;Masculin;Groupe C;de 30 000 à moins de 40 000;2;Non;86;83;86;Bien
428;Masculin;Groupe C;de 40 000 à moins de 50 000;2;Non;69;71;65;Passable
429;Masculin;Groupe A;de 40 000 à moins de 50 000;2;Non;65;59;53;Passable
430;Masculin;Groupe C;de 40 000 à moins de 50 000;2;Non;68;63;54;Passable
431;Masculin;Groupe C;50 000 et plus;2;Non;64;66;59;Passable
432;Féminin;Groupe C;moins de 10 000;2;Non;61;72;70;Passable
433;Masculin;Groupe C;moins de 10 000;2;Non;61;56;55;Passable
434;Féminin;Groupe A;de 40 000 à moins de 50 000;2;Non;47;59;50;Passable
435;Masculin;Groupe C;de 40 000 à moins de 50 000;2;Non;73;66;66;Passable
436;Masculin;Groupe C;de 10 000 à moins de 20 000;2;Oui;50;48;53;Passable
437;Masculin;Groupe D;50 000 et plus;2;Non;75;68;64;Passable
438;Masculin;Groupe D;50 000 et plus;2;Non;75;66;73;Assez bien
439;Masculin;Groupe C;moins de 10 000;2;Non;70;56;51;Passable
440;Masculin;Groupe D;de 40 000 à moins de 50 000;2;Oui;89;88;82;Bien
441;Féminin;Groupe C;de 10 000 à moins de 20 000;2;Oui;67;81;79;Assez bien
442;Féminin;Groupe D;moins de 10 000;2;Non;78;81;80;Bien
443;Féminin;Groupe A;de 40 000 à moins de 50 000;2;Non;59;73;69;Passable
444;Féminin;Groupe B;50 000 et plus;2;Non;73;83;76;Assez bien
445;Masculin;Groupe A;de 40 000 à moins de 50 000;2;Non;79;82;73;Assez bien
446;Féminin;Groupe C;de 40 000 à moins de 50 000;2;Oui;67;74;77;Assez bien
447;Masculin;Groupe D;de 10 000 à moins de 20 000;2;Non;69;66;60;Passable
448;Masculin;Groupe C;moins de 10 000;2;Oui;86;81;80;Bien
449;Masculin;Groupe B;moins de 10 000;2;Non;47;46;42;Non admis
450;Masculin;Groupe B;50 000 et plus;2;Non;81;73;72;Assez bien
451;Féminin;Groupe C;de 10 000 à moins de 20 000;2;Oui;64;85;85;Assez bien
452;Féminin;Groupe E;de 10 000 à moins de 20 000;2;Non;100;92;97;Très bien
453;Féminin;Groupe C;50 000 et plus;2;Non;65;77;74;Assez bien
454;Masculin;Groupe C;de 10 000 à moins de 20 000;2;Non;65;58;49;Passable
455;Féminin;Groupe C;50 000 et plus;2;Non;53;61;62;Passable
456;Masculin;Groupe C;de 30 000 à moins de 40 000;2;Non;37;56;47;Non admis
457;Féminin;Groupe D;de 30 000 à moins de 40 000;2;Non;79;89;89;Bien
458;Masculin;Groupe D;50 000 et plus;2;Non;53;54;48;Passable
459;Féminin;Groupe E;de 30 000 à moins de 40 000;2;Non;100;100;100;Très bien
460;Masculin;Groupe B;moins de 10 000;2;Oui;72;65;68;Passable
461;Masculin;Groupe C;de 30 000 à moins de 40 000;2;Non;53;58;55;Passable
462;Masculin;Groupe B;de 10 000 à moins de 20 000;2;Non;54;54;45;Passable
463;Féminin;Groupe E;de 10 000 à moins de 20 000;2;Non;71;70;76;Assez bien
464;Féminin;Groupe C;de 10 000 à moins de 20 000;2;Non;77;90;91;Bien
465;Masculin;Groupe A;de 30 000 à moins de 40 000;2;Oui;75;58;62;Passable
466;Féminin;Groupe C;de 10 000 à moins de 20 000;2;Non;84;87;91;Bien
467;Féminin;Groupe D;50 000 et plus;2;Non;26;31;38;Non admis
468;Masculin;Groupe A;moins de 10 000;2;Oui;72;67;65;Passable
469;Féminin;Groupe A;moins de 10 000;2;Oui;77;88;85;Bien
470;Masculin;Groupe C;de 10 000 à moins de 20 000;2;Non;91;74;76;Bien
471;Féminin;Groupe C;50 000 et plus;2;Oui;83;85;90;Bien
472;Féminin;Groupe C;moins de 10 000;2;Non;63;69;74;Passable
473;Féminin;Groupe C;50 000 et plus;2;Oui;68;86;84;Assez bien
474;Féminin;Groupe D;de 40 000 à moins de 50 000;2;Non;59;67;61;Passable
475;Féminin;Groupe B;50 000 et plus;2;Oui;90;90;91;Très bien
476;Féminin;Groupe D;de 30 000 à moins de 40 000;2;Oui;71;76;83;Assez bien
477;Masculin;Groupe E;de 30 000 à moins de 40 000;2;Oui;76;62;66;Passable
478;Masculin;Groupe D;50 000 et plus;2;Non;80;68;72;Assez bien
479;Féminin;Groupe D;de 20 000 à moins de 30 000;2;Non;55;64;70;Passable
480;Masculin;Groupe E;50 000 et plus;2;Non;76;71;67;Assez bien
481;Masculin;Groupe B;moins de 10 000;2;Oui;73;71;68;Assez bien
482;Féminin;Groupe D;50 000 et plus;2;Non;52;59;56;Passable
483;Masculin;Groupe C;de 10 000 à moins de 20 000;2;Non;68;68;61;Passable
484;Masculin;Groupe A;moins de 10 000;2;Non;59;52;46;Passable
485;Féminin;Groupe B;50 000 et plus;2;Non;49;52;54;Passable
486;Masculin;Groupe C;moins de 10 000;2;Non;70;74;71;Assez bien
487;Masculin;Groupe D;de 10 000 à moins de 20 000;2;Non;61;47;56;Passable
488;Féminin;Groupe C;50 000 et plus;2;Non;60;75;74;Assez bien
489;Masculin;Groupe B;de 40 000 à moins de 50 000;2;Oui;64;53;57;Passable
490;Masculin;Groupe A;50 000 et plus;2;Oui;79;82;82;Bien
491;Féminin;Groupe A;50 000 et plus;2;Non;65;85;76;Assez bien
492;Féminin;Groupe C;50 000 et plus;2;Non;64;64;70;Passable
493;Féminin;Groupe C;de 10 000 à moins de 20 000;2;Non;83;83;90;Bien
494;Féminin;Groupe C;de 30 000 à moins de 40 000;2;Non;81;88;90;Bien
495;Féminin;Groupe B;moins de 10 000;2;Non;54;64;68;Passable
496;Masculin;Groupe D;moins de 10 000;2;Oui;68;64;66;Passable
497;Féminin;Groupe C;de 10 000 à moins de 20 000;2;Non;54;48;52;Passable
498;Féminin;Groupe D;de 10 000 à moins de 20 000;2;Oui;59;78;76;Assez bien
499;Féminin;Groupe B;de 40 000 à moins de 50 000;2;Non;66;69;68;Passable
500;Masculin;Groupe E;de 10 000 à moins de 20 000;2;Non;76;71;72;Assez bien
501;Féminin;Groupe D;de 20 000 à moins de 30 000;2;Non;74;79;82;Assez bien
502;Féminin;Groupe B;50 000 et plus;2;Oui;94;87;92;Très bien
503;Masculin;Groupe C;de 10 000 à moins de 20 000;2;Non;63;61;54;Passable
504;Féminin;Groupe E;50 000 et plus;2;Oui;95;89;92;Très bien
505;Féminin;Groupe D;de 20 000 à moins de 30 000;2;Non;40;59;54;Passable
506;Féminin;Groupe B;de 40 000 à moins de 50 000;2;Non;82;82;80;Bien
507;Masculin;Groupe A;moins de 10 000;2;Non;68;70;66;Passable
508;Masculin;Groupe B;de 30 000 à moins de 40 000;2;Non;55;59;54;Passable
509;Masculin;Groupe C;de 20 000 à moins de 30 000;2;Non;79;78;77;Assez bien
510;Féminin;Groupe C;de 30 000 à moins de 40 000;2;Non;86;92;87;Bien
511;Masculin;Groupe D;de 10 000 à moins de 20 000;2;Non;76;71;73;Assez bien
512;Masculin;Groupe A;de 40 000 à moins de 50 000;2;Non;64;50;43;Passable
513;Masculin;Groupe D;de 40 000 à moins de 50 000;2;Non;62;49;52;Passable
514;Féminin;Groupe B;de 40 000 à moins de 50 000;2;Oui;54;61;62;Passable
515;Féminin;Groupe B;de 20 000 à moins de 30 000;2;Oui;77;97;94;Bien
516;Féminin;Groupe C;de 40 000 à moins de 50 000;2;Oui;76;87;85;Bien
517;Féminin;Groupe D;de 10 000 à moins de 20 000;2;Non;74;89;84;Bien
518;Féminin;Groupe E;de 10 000 à moins de 20 000;2;Oui;66;74;73;Assez bien
519;Féminin;Groupe D;de 40 000 à moins de 50 000;2;Oui;66;78;78;Assez bien
520;Féminin;Groupe B;moins de 10 000;2;Oui;67;78;79;Assez bien
521;Masculin;Groupe D;de 10 000 à moins de 20 000;2;Non;71;49;52;Passable
522;Féminin;Groupe C;50 000 et plus;2;Non;91;86;84;Bien
523;Masculin;Groupe D;de 30 000 à moins de 40 000;2;Non;69;58;57;Passable
524;Masculin;Groupe C;de 20 000 à moins de 30 000;2;Non;54;59;50;Passable
525;Masculin;Groupe C;moins de 10 000;2;Oui;53;52;49;Passable
526;Masculin;Groupe E;de 10 000 à moins de 20 000;2;Non;68;60;59;Passable
527;Masculin;Groupe C;de 40 000 à moins de 50 000;2;Oui;56;61;60;Passable
528;Féminin;Groupe C;moins de 10 000;2;Non;36;53;43;Non admis
529;Féminin;Groupe D;de 30 000 à moins de 40 000;2;Non;29;41;47;Non admis
530;Féminin;Groupe C;50 000 et plus;2;Non;62;74;70;Passable
531;Féminin;Groupe C;50 000 et plus;2;Oui;68;67;73;Passable
532;Féminin;Groupe C;de 40 000 à moins de 50 000;2;Non;47;54;53;Passable
533;Masculin;Groupe E;50 000 et plus;2;Oui;62;61;58;Passable
534;Féminin;Groupe E;50 000 et plus;2;Oui;79;88;94;Bien
535;Masculin;Groupe B;moins de 10 000;2;Oui;73;69;68;Assez bien
536;Féminin;Groupe C;de 30 000 à moins de 40 000;2;Oui;66;83;83;Assez bien
537;Masculin;Groupe C;50 000 et plus;2;Oui;51;60;58;Passable
538;Féminin;Groupe D;moins de 10 000;2;Non;51;66;62;Passable
539;Masculin;Groupe E;de 30 000 à moins de 40 000;2;Oui;85;66;71;Assez bien
540;Masculin;Groupe A;50 000 et plus;2;Oui;97;92;86;Très bien
541;Masculin;Groupe C;moins de 10 000;2;Oui;75;69;68;Assez bien
542;Masculin;Groupe D;50 000 et plus;2;Oui;79;82;80;Bien
543;Féminin;Groupe C;50 000 et plus;2;Non;81;77;79;Assez bien
544;Féminin;Groupe D;50 000 et plus;2;Non;82;95;89;Bien
545;Féminin;Groupe D;de 20 000 à moins de 30 000;2;Non;64;63;66;Passable
546;Masculin;Groupe E;de 40 000 à moins de 50 000;2;Oui;78;83;80;Bien
547;Féminin;Groupe A;de 40 000 à moins de 50 000;2;Oui;92;100;97;Très bien
548;Masculin;Groupe C;moins de 10 000;2;Oui;72;67;64;Passable
549;Féminin;Groupe C;moins de 10 000;2;Non;62;67;64;Passable
550;Masculin;Groupe C;de 20 000 à moins de 30 000;2;Non;79;72;69;Assez bien
551;Masculin;Groupe C;de 40 000 à moins de 50 000;2;Non;79;76;65;Assez bien
552;Masculin;Groupe B;de 30 000 à moins de 40 000;2;Oui;87;90;88;Bien
553;Féminin;Groupe B;50 000 et plus;2;Non;40;48;50;Non admis
554;Masculin;Groupe D;de 10 000 à moins de 20 000;2;Non;77;62;64;Passable
555;Masculin;Groupe E;50 000 et plus;2;Non;53;45;40;Non admis
556;Féminin;Groupe C;de 10 000 à moins de 20 000;2;Non;32;39;33;Non admis
557;Féminin;Groupe C;50 000 et plus;2;Oui;55;72;79;Passable
558;Masculin;Groupe C;de 20 000 à moins de 30 000;2;Non;61;67;66;Passable
559;Féminin;Groupe B;50 000 et plus;2;Non;53;70;70;Passable
560;Masculin;Groupe D;de 40 000 à moins de 50 000;2;Non;73;66;62;Passable
561;Féminin;Groupe D;de 10 000 à moins de 20 000;2;Oui;74;75;79;Assez bien
562;Féminin;Groupe C;de 10 000 à moins de 20 000;2;Non;63;74;74;Assez bien
563;Masculin;Groupe C;de 30 000 à moins de 40 000;2;Oui;96;90;92;Très bien
564;Féminin;Groupe D;de 10 000 à moins de 20 000;2;Oui;63;80;80;Assez bien
565;Masculin;Groupe B;de 30 000 à moins de 40 000;2;Non;48;51;46;Non admis
566;Masculin;Groupe B;50 000 et plus;2;Non;48;43;45;Non admis
567;Féminin;Groupe E;de 30 000 à moins de 40 000;2;Oui;92;100;100;Très bien
568;Féminin;Groupe D;de 20 000 à moins de 30 000;2;Oui;61;71;78;Assez bien
569;Masculin;Groupe B;moins de 10 000;2;Non;63;48;47;Passable
570;Masculin;Groupe D;de 30 000 à moins de 40 000;2;Non;68;68;67;Passable
571;Masculin;Groupe B;de 10 000 à moins de 20 000;2;Oui;71;75;70;Assez bien
572;Masculin;Groupe A;de 30 000 à moins de 40 000;2;Non;91;96;92;Très bien
573;Féminin;Groupe C;de 10 000 à moins de 20 000;2;Non;53;62;56;Passable
574;Féminin;Groupe C;moins de 10 000;2;Oui;50;66;64;Passable
575;Féminin;Groupe E;moins de 10 000;2;Non;74;81;71;Assez bien
576;Masculin;Groupe A;50 000 et plus;2;Oui;40;55;53;Non admis
577;Masculin;Groupe A;de 10 000 à moins de 20 000;2;Oui;61;51;52;Passable
578;Féminin;Groupe B;moins de 10 000;2;Non;81;91;89;Bien
579;Féminin;Groupe B;de 10 000 à moins de 20 000;2;Oui;48;56;58;Passable
580;Féminin;Groupe D;de 20 000 à moins de 30 000;2;Non;53;61;68;Passable
581;Féminin;Groupe D;de 40 000 à moins de 50 000;2;Non;81;97;96;Très bien
582;Féminin;Groupe E;de 40 000 à moins de 50 000;2;Non;77;79;80;Assez bien
583;Féminin;Groupe D;de 30 000 à moins de 40 000;2;Non;63;73;78;Assez bien
584;Féminin;Groupe D;50 000 et plus;2;Oui;73;75;80;Assez bien
585;Féminin;Groupe D;de 10 000 à moins de 20 000;2;Non;69;77;77;Assez bien
586;Féminin;Groupe C;50 000 et plus;2;Non;65;76;76;Assez bien
587;Féminin;Groupe A;moins de 10 000;2;Non;55;73;73;Passable
588;Féminin;Groupe C;de 30 000 à moins de 40 000;2;Non;44;63;62;Passable
589;Féminin;Groupe C;de 10 000 à moins de 20 000;2;Non;54;64;65;Passable
590;Féminin;Groupe A;de 40 000 à moins de 50 000;2;Non;48;66;65;Passable
591;Masculin;Groupe C;de 10 000 à moins de 20 000;2;Non;58;57;54;Passable
592;Masculin;Groupe A;de 40 000 à moins de 50 000;2;Non;71;62;50;Passable
593;Masculin;Groupe E;de 30 000 à moins de 40 000;2;Non;68;68;64;Passable
594;Féminin;Groupe E;moins de 10 000;2;Non;74;76;73;Assez bien
595;Féminin;Groupe C;de 30 000 à moins de 40 000;2;Oui;92;100;99;Très bien
596;Féminin;Groupe C;de 30 000 à moins de 40 000;2;Oui;56;79;72;Passable
597;Masculin;Groupe B;moins de 10 000;2;Non;30;24;15;Non admis
598;Masculin;Groupe A;de 40 000 à moins de 50 000;2;Non;53;54;48;Passable
599;Féminin;Groupe D;moins de 10 000;2;Non;69;77;73;Assez bien
600;Féminin;Groupe D;de 40 000 à moins de 50 000;2;Non;65;82;81;Assez bien
601;Féminin;Groupe D;de 20 000 à moins de 30 000;2;Non;54;60;63;Passable
602;Féminin;Groupe C;moins de 10 000;2;Non;29;29;30;Non admis
603;Féminin;Groupe E;de 10 000 à moins de 20 000;2;Non;76;78;80;Assez bien
604;Masculin;Groupe D;moins de 10 000;2;Non;60;57;51;Passable
605;Masculin;Groupe D;de 20 000 à moins de 30 000;2;Oui;84;89;90;Bien
606;Masculin;Groupe C;de 40 000 à moins de 50 000;2;Non;75;72;62;Assez bien
607;Féminin;Groupe C;50 000 et plus;2;Non;85;84;82;Bien
608;Féminin;Groupe C;de 20 000 à moins de 30 000;2;Non;40;58;54;Passable
609;Féminin;Groupe E;de 10 000 à moins de 20 000;2;Non;61;64;62;Passable
610;Féminin;Groupe B;50 000 et plus;2;Non;58;63;65;Passable
611;Masculin;Groupe D;de 10 000 à moins de 20 000;2;Oui;69;60;63;Passable
612;Féminin;Groupe C;de 10 000 à moins de 20 000;2;Non;58;59;66;Passable
613;Masculin;Groupe C;de 30 000 à moins de 40 000;2;Oui;94;90;91;Très bien
614;Féminin;Groupe C;50 000 et plus;2;Non;65;77;74;Assez bien
615;Féminin;Groupe A;50 000 et plus;2;Non;82;93;93;Bien
616;Féminin;Groupe C;moins de 10 000;2;Non;60;68;72;Passable
617;Féminin;Groupe E;de 30 000 à moins de 40 000;2;Non;37;45;38;Non admis
618;Masculin;Groupe D;de 30 000 à moins de 40 000;2;Non;88;78;83;Bien
619;Masculin;Groupe D;de 20 000 à moins de 30 000;2;Non;95;81;84;Bien
620;Masculin;Groupe C;50 000 et plus;2;Oui;65;73;68;Passable
621;Féminin;Groupe C;moins de 10 000;2;Non;35;61;54;Passable
622;Masculin;Groupe B;de 30 000 à moins de 40 000;2;Non;62;63;56;Passable
623;Masculin;Groupe C;moins de 10 000;2;Oui;58;51;52;Passable
624;Masculin;Groupe A;de 10 000 à moins de 20 000;2;Oui;100;96;86;Très bien
625;Féminin;Groupe E;de 30 000 à moins de 40 000;2;Non;61;58;62;Passable
626;Masculin;Groupe D;de 10 000 à moins de 20 000;2;Oui;100;97;99;Très bien
627;Masculin;Groupe B;50 000 et plus;2;Oui;69;70;63;Passable
628;Masculin;Groupe D;50 000 et plus;2;Non;61;48;46;Passable
629;Masculin;Groupe D;de 10 000 à moins de 20 000;2;Non;49;57;46;Passable
630;Féminin;Groupe C;de 40 000 à moins de 50 000;2;Oui;44;51;55;Passable
631;Masculin;Groupe D;de 10 000 à moins de 20 000;2;Non;67;64;70;Passable
632;Masculin;Groupe B;moins de 10 000;2;Non;79;60;65;Passable
633;Féminin;Groupe B;de 30 000 à moins de 40 000;2;Oui;66;74;81;Assez bien
634;Féminin;Groupe C;moins de 10 000;2;Non;75;88;85;Bien
635;Masculin;Groupe D;de 40 000 à moins de 50 000;2;Non;84;84;80;Bien
636;Masculin;Groupe A;moins de 10 000;2;Non;71;74;64;Assez bien
637;Féminin;Groupe B;moins de 10 000;2;Oui;67;80;81;Assez bien
638;Féminin;Groupe D;de 40 000 à moins de 50 000;2;Oui;80;92;88;Bien
639;Masculin;Groupe E;de 10 000 à moins de 20 000;2;Non;86;76;74;Assez bien
640;Féminin;Groupe D;50 000 et plus;2;Non;76;74;73;Assez bien
641;Masculin;Groupe D;moins de 10 000;2;Non;41;52;51;Non admis
642;Féminin;Groupe D;50 000 et plus;2;Oui;74;88;90;Bien
643;Féminin;Groupe B;de 40 000 à moins de 50 000;2;Non;72;81;79;Assez bien
644;Féminin;Groupe E;moins de 10 000;2;Oui;74;79;80;Assez bien
645;Masculin;Groupe B;moins de 10 000;2;Non;70;65;60;Passable
646;Féminin;Groupe B;de 30 000 à moins de 40 000;2;Oui;65;81;81;Assez bien
647;Féminin;Groupe D;50 000 et plus;2;Non;59;70;65;Passable
648;Féminin;Groupe E;moins de 10 000;2;Non;64;62;68;Passable
649;Féminin;Groupe B;moins de 10 000;2;Non;50;53;55;Passable
650;Féminin;Groupe D;de 10 000 à moins de 20 000;2;Oui;69;79;81;Assez bien
651;Masculin;Groupe C;de 40 000 à moins de 50 000;2;Oui;51;56;53;Passable
652;Féminin;Groupe A;moins de 10 000;2;Oui;68;80;76;Assez bien
653;Féminin;Groupe D;de 10 000 à moins de 20 000;2;Oui;85;86;98;Très bien
654;Féminin;Groupe A;50 000 et plus;2;Oui;65;70;74;Assez bien
655;Féminin;Groupe B;de 40 000 à moins de 50 000;2;Non;73;79;79;Assez bien
656;Féminin;Groupe B;de 10 000 à moins de 20 000;2;Non;62;67;67;Passable
657;Masculin;Groupe C;50 000 et plus;2;Non;77;67;64;Passable
658;Masculin;Groupe D;de 40 000 à moins de 50 000;2;Non;69;66;61;Passable
659;Féminin;Groupe D;50 000 et plus;2;Non;43;60;58;Passable
660;Masculin;Groupe D;50 000 et plus;2;Non;90;87;85;Bien
661;Masculin;Groupe C;de 10 000 à moins de 20 000;2;Non;74;77;73;Assez bien
662;Masculin;Groupe C;de 40 000 à moins de 50 000;2;Non;73;66;63;Passable
663;Féminin;Groupe D;de 10 000 à moins de 20 000;2;Non;55;71;69;Passable
664;Féminin;Groupe C;moins de 10 000;2;Non;65;69;67;Passable
665;Masculin;Groupe D;50 000 et plus;2;Non;80;63;63;Passable
666;Féminin;Groupe C;de 40 000 à moins de 50 000;2;Oui;50;60;60;Passable
667;Féminin;Groupe C;de 10 000 à moins de 20 000;2;Oui;63;73;71;Passable
668;Féminin;Groupe B;de 30 000 à moins de 40 000;2;Non;77;85;87;Bien
669;Masculin;Groupe C;de 10 000 à moins de 20 000;2;Non;73;74;61;Passable
670;Masculin;Groupe D;50 000 et plus;2;Oui;81;72;77;Assez bien
671;Féminin;Groupe C;moins de 10 000;2;Non;66;76;68;Assez bien
672;Masculin;Groupe D;50 000 et plus;2;Non;52;57;50;Passable
673;Féminin;Groupe C;de 10 000 à moins de 20 000;2;Non;69;78;76;Assez bien
674;Féminin;Groupe C;50 000 et plus;2;Oui;65;84;84;Assez bien
675;Féminin;Groupe D;moins de 10 000;2;Oui;69;77;78;Assez bien
676;Féminin;Groupe B;de 10 000 à moins de 20 000;2;Oui;50;64;66;Passable
677;Féminin;Groupe E;de 10 000 à moins de 20 000;2;Oui;73;78;76;Assez bien
678;Féminin;Groupe C;de 40 000 à moins de 50 000;2;Oui;70;82;76;Assez bien
679;Masculin;Groupe D;50 000 et plus;2;Non;81;75;78;Assez bien
680;Masculin;Groupe D;de 10 000 à moins de 20 000;2;Non;63;61;60;Passable
681;Féminin;Groupe D;moins de 10 000;2;Non;67;72;74;Assez bien
682;Masculin;Groupe B;moins de 10 000;2;Non;60;68;60;Passable
683;Masculin;Groupe B;moins de 10 000;2;Non;62;55;54;Passable
684;Féminin;Groupe C;de 40 000 à moins de 50 000;2;Oui;29;40;44;Non admis
685;Masculin;Groupe B;de 10 000 à moins de 20 000;2;Oui;62;66;68;Passable
686;Féminin;Groupe E;de 20 000 à moins de 30 000;2;Oui;94;99;100;Très bien
687;Masculin;Groupe E;de 10 000 à moins de 20 000;2;Oui;85;75;68;Assez bien
688;Masculin;Groupe D;50 000 et plus;2;Non;77;78;73;Assez bien
689;Masculin;Groupe A;moins de 10 000;2;Non;53;58;44;Passable
690;Masculin;Groupe E;de 10 000 à moins de 20 000;2;Non;93;90;83;Bien
691;Féminin;Groupe C;50 000 et plus;2;Non;49;53;53;Passable
692;Féminin;Groupe E;50 000 et plus;2;Non;73;76;78;Assez bien
693;Féminin;Groupe C;de 30 000 à moins de 40 000;2;Oui;66;74;81;Assez bien
694;Féminin;Groupe D;50 000 et plus;2;Non;77;77;73;Assez bien
695;Féminin;Groupe C;de 40 000 à moins de 50 000;2;Non;49;63;56;Passable
696;Féminin;Groupe D;de 10 000 à moins de 20 000;2;Non;79;89;86;Bien
697;Féminin;Groupe C;50 000 et plus;2;Oui;75;82;90;Bien
698;Féminin;Groupe A;de 30 000 à moins de 40 000;2;Non;59;72;70;Passable
699;Féminin;Groupe D;50 000 et plus;2;Oui;57;78;79;Assez bien
700;Masculin;Groupe C;moins de 10 000;2;Non;66;66;59;Passable
701;Féminin;Groupe E;de 30 000 à moins de 40 000;2;Oui;79;81;82;Bien
702;Féminin;Groupe B;de 40 000 à moins de 50 000;2;Non;57;67;72;Passable
703;Masculin;Groupe A;de 30 000 à moins de 40 000;2;Oui;87;84;87;Bien
704;Féminin;Groupe D;de 10 000 à moins de 20 000;2;Non;63;64;67;Passable
705;Féminin;Groupe B;de 40 000 à moins de 50 000;2;Oui;59;63;64;Passable
706;Masculin;Groupe A;de 30 000 à moins de 40 000;2;Non;62;72;65;Passable
707;Masculin;Groupe D;moins de 10 000;2;Non;46;34;36;Non admis
708;Masculin;Groupe C;de 10 000 à moins de 20 000;2;Non;66;59;52;Passable
709;Masculin;Groupe D;moins de 10 000;2;Non;89;87;79;Bien
710;Féminin;Groupe D;50 000 et plus;2;Oui;42;61;58;Passable
711;Masculin;Groupe C;de 10 000 à moins de 20 000;2;Oui;93;84;90;Bien
712;Féminin;Groupe E;de 40 000 à moins de 50 000;2;Oui;80;85;85;Bien
713;Féminin;Groupe D;de 10 000 à moins de 20 000;2;Non;98;100;99;Très bien
714;Masculin;Groupe D;de 20 000 à moins de 30 000;2;Non;81;81;84;Bien
715;Féminin;Groupe B;de 40 000 à moins de 50 000;2;Oui;60;70;74;Passable
716;Féminin;Groupe B;50 000 et plus;2;Oui;76;94;87;Bien
717;Masculin;Groupe C;50 000 et plus;2;Oui;73;78;72;Assez bien
718;Féminin;Groupe C;50 000 et plus;2;Oui;96;96;99;Très bien
719;Féminin;Groupe C;moins de 10 000;2;Non;76;76;74;Assez bien
720;Masculin;Groupe E;50 000 et plus;2;Oui;91;73;80;Bien
721;Féminin;Groupe C;de 10 000 à moins de 20 000;2;Non;62;72;70;Passable
722;Masculin;Groupe D;de 40 000 à moins de 50 000;2;Oui;55;59;59;Passable
723;Féminin;Groupe B;de 40 000 à moins de 50 000;2;Oui;74;90;88;Bien
724;Masculin;Groupe C;moins de 10 000;2;Non;50;48;42;Non admis
725;Masculin;Groupe B;de 10 000 à moins de 20 000;2;Non;47;43;41;Non admis
726;Masculin;Groupe E;de 10 000 à moins de 20 000;2;Oui;81;74;71;Assez bien
727;Féminin;Groupe E;50 000 et plus;2;Oui;65;75;77;Assez bien
728;Masculin;Groupe E;de 40 000 à moins de 50 000;2;Oui;68;51;57;Passable
729;Féminin;Groupe D;moins de 10 000;2;Non;73;92;84;Bien
730;Masculin;Groupe C;de 10 000 à moins de 20 000;2;Non;53;39;37;Non admis
731;Féminin;Groupe B;50 000 et plus;2;Oui;68;77;80;Assez bien
732;Masculin;Groupe A;de 40 000 à moins de 50 000;2;Non;55;46;43;Non admis
733;Féminin;Groupe C;de 10 000 à moins de 20 000;2;Oui;87;89;94;Très bien
734;Masculin;Groupe D;de 40 000 à moins de 50 000;2;Non;55;47;44;Non admis
735;Féminin;Groupe E;de 10 000 à moins de 20 000;2;Non;53;58;57;Passable
736;Masculin;Groupe C;de 20 000 à moins de 30 000;2;Non;67;57;59;Passable
737;Masculin;Groupe C;50 000 et plus;2;Non;92;79;84;Bien
738;Féminin;Groupe B;de 10 000 à moins de 20 000;2;Oui;53;66;73;Passable
739;Masculin;Groupe D;50 000 et plus;2;Non;81;71;73;Assez bien
740;Masculin;Groupe C;moins de 10 000;2;Non;61;60;55;Passable
741;Masculin;Groupe D;de 30 000 à moins de 40 000;2;Non;80;73;72;Assez bien
742;Féminin;Groupe A;50 000 et plus;2;Non;37;57;56;Passable
743;Féminin;Groupe C;moins de 10 000;2;Non;81;84;82;Bien
744;Féminin;Groupe C;50 000 et plus;2;Oui;59;73;72;Passable
745;Masculin;Groupe B;de 10 000 à moins de 20 000;2;Non;55;55;47;Passable
746;Masculin;Groupe D;50 000 et plus;2;Non;72;79;74;Assez bien
747;Masculin;Groupe D;moins de 10 000;2;Non;69;75;71;Assez bien
748;Masculin;Groupe C;de 10 000 à moins de 20 000;2;Non;69;64;68;Passable
749;Féminin;Groupe C;de 30 000 à moins de 40 000;2;Non;50;60;59;Passable
750;Masculin;Groupe B;de 10 000 à moins de 20 000;2;Oui;87;84;86;Bien
751;Masculin;Groupe D;de 40 000 à moins de 50 000;2;Oui;71;69;68;Passable
752;Masculin;Groupe E;de 10 000 à moins de 20 000;2;Non;68;72;65;Passable
753;Masculin;Groupe C;de 20 000 à moins de 30 000;2;Oui;79;77;75;Assez bien
754;Féminin;Groupe C;de 40 000 à moins de 50 000;2;Oui;77;90;85;Bien
755;Masculin;Groupe C;50 000 et plus;2;Non;58;55;53;Passable
756;Féminin;Groupe E;50 000 et plus;2;Non;84;95;92;Très bien
757;Masculin;Groupe D;de 10 000 à moins de 20 000;2;Non;55;58;52;Passable
758;Masculin;Groupe E;de 30 000 à moins de 40 000;2;Oui;70;68;72;Assez bien
759;Féminin;Groupe D;de 10 000 à moins de 20 000;2;Oui;52;59;65;Passable
760;Masculin;Groupe B;de 10 000 à moins de 20 000;2;Oui;69;77;77;Assez bien
761;Féminin;Groupe C;moins de 10 000;2;Non;53;72;64;Passable
762;Féminin;Groupe D;de 40 000 à moins de 50 000;2;Non;48;58;54;Passable
763;Masculin;Groupe D;de 40 000 à moins de 50 000;2;Oui;78;81;86;Bien
764;Féminin;Groupe B;moins de 10 000;2;Non;62;62;63;Passable
765;Masculin;Groupe D;de 10 000 à moins de 20 000;2;Non;60;63;59;Passable
766;Féminin;Groupe B;moins de 10 000;2;Non;74;72;72;Assez bien
767;Féminin;Groupe C;moins de 10 000;3;Oui;58;75;77;Assez bien
768;Masculin;Groupe B;moins de 10 000;3;Oui;76;62;60;Passable
769;Féminin;Groupe D;de 40 000 à moins de 50 000;3;Non;68;71;75;Assez bien
770;Masculin;Groupe A;de 10 000 à moins de 20 000;3;Non;58;60;57;Passable
771;Masculin;Groupe B;moins de 10 000;3;Non;52;48;49;Passable
772;Masculin;Groupe D;de 30 000 à moins de 40 000;3;Non;75;73;74;Assez bien
773;Féminin;Groupe B;de 40 000 à moins de 50 000;3;Oui;52;67;72;Passable
774;Féminin;Groupe C;de 30 000 à moins de 40 000;3;Non;62;78;79;Assez bien
775;Masculin;Groupe B;de 10 000 à moins de 20 000;3;Non;66;65;60;Passable
776;Féminin;Groupe B;de 40 000 à moins de 50 000;3;Non;49;58;55;Passable
777;Féminin;Groupe B;moins de 10 000;3;Non;66;72;70;Passable
778;Féminin;Groupe C;de 10 000 à moins de 20 000;3;Non;35;44;43;Non admis
779;Féminin;Groupe A;de 10 000 à moins de 20 000;3;Oui;72;79;82;Assez bien
780;Masculin;Groupe E;50 000 et plus;3;Oui;94;85;82;Bien
781;Féminin;Groupe D;50 000 et plus;3;Non;46;56;57;Passable
782;Féminin;Groupe B;de 20 000 à moins de 30 000;3;Non;77;90;84;Bien
783;Féminin;Groupe B;moins de 10 000;3;Oui;76;85;82;Bien
784;Féminin;Groupe C;50 000 et plus;3;Oui;52;59;62;Passable
785;Masculin;Groupe C;de 30 000 à moins de 40 000;3;Oui;91;81;79;Bien
786;Féminin;Groupe B;de 40 000 à moins de 50 000;3;Oui;32;51;44;Non admis
787;Féminin;Groupe E;de 40 000 à moins de 50 000;3;Non;72;79;77;Assez bien
788;Féminin;Groupe B;de 10 000 à moins de 20 000;3;Non;19;38;32;Non admis
789;Masculin;Groupe C;50 000 et plus;3;Non;68;65;61;Passable
790;Féminin;Groupe C;de 20 000 à moins de 30 000;3;Non;52;65;61;Passable
791;Féminin;Groupe B;moins de 10 000;3;Non;48;62;60;Passable
792;Féminin;Groupe D;de 10 000 à moins de 20 000;3;Non;60;66;70;Passable
793;Masculin;Groupe D;moins de 10 000;3;Non;66;74;69;Assez bien
794;Masculin;Groupe E;de 40 000 à moins de 50 000;3;Oui;89;84;77;Bien
795;Féminin;Groupe B;moins de 10 000;3;Non;42;52;51;Non admis
796;Féminin;Groupe E;50 000 et plus;3;Oui;57;68;73;Passable
797;Masculin;Groupe D;moins de 10 000;3;Non;70;70;70;Assez bien
798;Féminin;Groupe E;50 000 et plus;3;Non;70;84;81;Assez bien
799;Masculin;Groupe E;de 10 000 à moins de 20 000;3;Non;69;60;54;Passable
800;Féminin;Groupe C;50 000 et plus;3;Non;52;55;57;Passable
801;Masculin;Groupe C;de 40 000 à moins de 50 000;3;Oui;67;73;68;Passable
802;Masculin;Groupe C;de 40 000 à moins de 50 000;3;Oui;76;80;73;Assez bien
803;Féminin;Groupe E;50 000 et plus;3;Non;87;94;95;Très bien
804;Féminin;Groupe B;de 10 000 à moins de 20 000;3;Non;82;85;87;Bien
805;Féminin;Groupe C;de 10 000 à moins de 20 000;3;Non;73;76;78;Assez bien
806;Masculin;Groupe A;de 10 000 à moins de 20 000;3;Non;75;81;74;Assez bien
807;Féminin;Groupe D;de 10 000 à moins de 20 000;3;Non;64;74;75;Assez bien
808;Féminin;Groupe E;moins de 10 000;3;Non;41;45;40;Non admis
809;Masculin;Groupe C;moins de 10 000;3;Non;90;75;69;Assez bien
810;Masculin;Groupe B;de 30 000 à moins de 40 000;3;Non;59;54;51;Passable
811;Masculin;Groupe A;de 40 000 à moins de 50 000;3;Non;51;31;36;Non admis
812;Masculin;Groupe A;moins de 10 000;3;Non;45;47;49;Non admis
813;Féminin;Groupe C;de 20 000 à moins de 30 000;3;Oui;54;64;67;Passable
814;Masculin;Groupe E;de 40 000 à moins de 50 000;3;Oui;87;84;76;Bien
815;Féminin;Groupe C;moins de 10 000;3;Non;72;80;83;Assez bien
816;Masculin;Groupe B;de 40 000 à moins de 50 000;3;Oui;94;86;87;Bien
817;Féminin;Groupe A;de 30 000 à moins de 40 000;3;Non;45;59;64;Passable
818;Masculin;Groupe D;de 30 000 à moins de 40 000;3;Oui;61;70;76;Passable
819;Féminin;Groupe B;moins de 10 000;3;Non;60;72;68;Passable
820;Féminin;Groupe C;de 40 000 à moins de 50 000;3;Non;77;91;88;Bien
821;Féminin;Groupe A;de 40 000 à moins de 50 000;3;Oui;85;90;92;Bien
822;Féminin;Groupe D;de 30 000 à moins de 40 000;3;Non;78;90;93;Bien
823;Masculin;Groupe E;de 10 000 à moins de 20 000;3;Oui;49;52;51;Passable
824;Féminin;Groupe B;moins de 10 000;3;Non;71;87;82;Bien
825;Féminin;Groupe C;de 40 000 à moins de 50 000;3;Non;48;58;52;Passable
826;Masculin;Groupe C;moins de 10 000;3;Non;62;67;58;Passable
827;Féminin;Groupe C;50 000 et plus;3;Oui;56;68;70;Passable
828;Féminin;Groupe C;de 40 000 à moins de 50 000;3;Non;65;69;76;Assez bien
829;Féminin;Groupe D;de 40 000 à moins de 50 000;3;Oui;69;86;81;Assez bien
830;Masculin;Groupe B;de 40 000 à moins de 50 000;3;Non;68;54;53;Passable
831;Féminin;Groupe A;de 10 000 à moins de 20 000;3;Non;61;60;57;Passable
832;Féminin;Groupe C;de 30 000 à moins de 40 000;3;Oui;74;86;89;Bien
833;Masculin;Groupe A;de 30 000 à moins de 40 000;3;Non;64;60;58;Passable
834;Féminin;Groupe B;moins de 10 000;3;Oui;77;82;89;Bien
835;Masculin;Groupe B;de 10 000 à moins de 20 000;3;Non;58;50;45;Passable
836;Féminin;Groupe C;moins de 10 000;3;Oui;60;64;74;Passable
837;Masculin;Groupe E;moins de 10 000;3;Non;73;64;57;Passable
838;Féminin;Groupe A;moins de 10 000;3;Oui;75;82;79;Assez bien
839;Masculin;Groupe B;50 000 et plus;3;Oui;58;57;53;Passable
840;Féminin;Groupe C;50 000 et plus;3;Non;66;77;73;Assez bien
841;Féminin;Groupe D;moins de 10 000;3;Non;39;52;46;Non admis
842;Masculin;Groupe C;de 40 000 à moins de 50 000;3;Non;64;58;51;Passable
843;Féminin;Groupe B;moins de 10 000;3;Oui;23;44;36;Non admis
844;Masculin;Groupe B;de 10 000 à moins de 20 000;3;Oui;74;77;76;Assez bien
845;Féminin;Groupe D;de 40 000 à moins de 50 000;3;Oui;40;65;64;Passable
846;Masculin;Groupe E;de 20 000 à moins de 30 000;3;Non;90;85;84;Bien
847;Masculin;Groupe C;de 20 000 à moins de 30 000;3;Oui;91;85;85;Bien
848;Masculin;Groupe D;moins de 10 000;3;Non;64;54;50;Passable
849;Féminin;Groupe C;moins de 10 000;3;Non;59;72;68;Passable
850;Masculin;Groupe D;50 000 et plus;3;Non;80;75;69;Assez bien
851;Masculin;Groupe C;de 20 000 à moins de 30 000;3;Non;71;67;67;Passable
852;Féminin;Groupe A;moins de 10 000;3;Non;61;68;63;Passable
853;Féminin;Groupe E;de 10 000 à moins de 20 000;3;Non;87;85;93;Bien
854;Masculin;Groupe E;de 40 000 à moins de 50 000;3;Non;82;67;61;Assez bien
855;Masculin;Groupe C;de 40 000 à moins de 50 000;3;Non;62;64;55;Passable
856;Féminin;Groupe B;de 30 000 à moins de 40 000;3;Non;97;97;96;Très bien
857;Masculin;Groupe B;de 10 000 à moins de 20 000;3;Non;75;68;65;Passable
858;Féminin;Groupe C;de 30 000 à moins de 40 000;3;Non;65;79;81;Assez bien
859;Masculin;Groupe B;moins de 10 000;3;Oui;52;49;46;Non admis
860;Masculin;Groupe C;50 000 et plus;3;Non;87;73;72;Assez bien
861;Féminin;Groupe C;50 000 et plus;3;Non;53;62;53;Passable
862;Féminin;Groupe E;de 20 000 à moins de 30 000;3;Non;81;86;87;Bien
863;Masculin;Groupe D;de 30 000 à moins de 40 000;3;Oui;39;42;38;Non admis
864;Féminin;Groupe C;de 10 000 à moins de 20 000;3;Oui;71;71;80;Assez bien
865;Masculin;Groupe C;50 000 et plus;3;Non;97;93;91;Très bien
866;Masculin;Groupe D;de 10 000 à moins de 20 000;3;Oui;82;82;88;Bien
867;Masculin;Groupe C;moins de 10 000;3;Non;59;53;52;Passable
868;Masculin;Groupe B;50 000 et plus;0;Non;61;42;41;Non admis
869;Masculin;Groupe E;50 000 et plus;0;Oui;78;74;72;Assez bien
870;Masculin;Groupe C;50 000 et plus;0;Non;49;51;51;Passable
871;Masculin;Groupe B;moins de 10 000;0;Non;59;58;47;Passable
872;Féminin;Groupe C;de 10 000 à moins de 20 000;0;Oui;70;72;76;Assez bien
873;Masculin;Groupe B;50 000 et plus;0;Oui;82;84;78;Bien
874;Masculin;Groupe E;50 000 et plus;0;Non;90;90;82;Bien
875;Féminin;Groupe C;de 30 000 à moins de 40 000;0;Non;43;62;61;Passable
876;Masculin;Groupe C;de 10 000 à moins de 20 000;0;Non;80;64;66;Assez bien
877;Masculin;Groupe D;de 10 000 à moins de 20 000;0;Non;81;82;84;Bien
878;Masculin;Groupe C;de 40 000 à moins de 50 000;0;Non;57;61;54;Passable
879;Féminin;Groupe D;de 40 000 à moins de 50 000;0;Non;59;72;80;Assez bien
880;Féminin;Groupe D;50 000 et plus;1;Non;64;76;74;Assez bien
881;Masculin;Groupe C;de 30 000 à moins de 40 000;1;Oui;63;64;66;Passable
882;Féminin;Groupe E;de 30 000 à moins de 40 000;1;Oui;71;70;70;Assez bien
883;Féminin;Groupe B;moins de 10 000;1;Non;64;73;71;Passable
884;Masculin;Groupe D;de 30 000 à moins de 40 000;1;Non;55;46;44;Non admis
885;Féminin;Groupe E;50 000 et plus;1;Non;51;51;54;Passable
886;Féminin;Groupe C;50 000 et plus;1;Oui;62;76;80;Assez bien
887;Féminin;Groupe E;50 000 et plus;1;Oui;93;100;95;Très bien
888;Masculin;Groupe C;moins de 10 000;1;Non;54;72;59;Passable
889;Féminin;Groupe D;de 10 000 à moins de 20 000;1;Non;69;65;74;Passable
890;Masculin;Groupe D;moins de 10 000;1;Non;44;51;48;Non admis
891;Féminin;Groupe E;de 10 000 à moins de 20 000;1;Oui;86;85;91;Bien
892;Féminin;Groupe E;50 000 et plus;1;Non;85;92;85;Bien
893;Féminin;Groupe A;de 20 000 à moins de 30 000;1;Non;50;67;73;Passable
894;Masculin;Groupe D;de 40 000 à moins de 50 000;1;Oui;88;74;75;Assez bien
895;Féminin;Groupe E;50 000 et plus;1;Non;59;62;69;Passable
896;Féminin;Groupe E;de 40 000 à moins de 50 000;1;Non;32;34;38;Non admis
897;Masculin;Groupe B;moins de 10 000;1;Non;36;29;27;Non admis
898;Féminin;Groupe B;de 40 000 à moins de 50 000;1;Oui;63;78;79;Assez bien
899;Masculin;Groupe D;50 000 et plus;1;Oui;67;54;63;Passable
900;Féminin;Groupe D;de 40 000 à moins de 50 000;1;Oui;65;78;82;Assez bien
901;Masculin;Groupe D;de 20 000 à moins de 30 000;1;Non;85;84;89;Bien
902;Féminin;Groupe C;de 20 000 à moins de 30 000;1;Non;73;78;74;Assez bien
903;Féminin;Groupe A;moins de 10 000;1;Oui;34;48;41;Non admis
904;Féminin;Groupe D;de 30 000 à moins de 40 000;1;Oui;93;100;100;Très bien
905;Féminin;Groupe D;de 40 000 à moins de 50 000;1;Non;67;84;84;Assez bien
906;Masculin;Groupe D;de 10 000 à moins de 20 000;1;Non;88;77;77;Bien
907;Masculin;Groupe B;moins de 10 000;1;Non;57;48;51;Passable
908;Féminin;Groupe D;de 10 000 à moins de 20 000;1;Oui;79;84;91;Bien
909;Féminin;Groupe C;de 30 000 à moins de 40 000;1;Non;67;75;72;Assez bien
910;Masculin;Groupe E;de 30 000 à moins de 40 000;1;Oui;70;64;70;Passable
911;Masculin;Groupe D;de 30 000 à moins de 40 000;4;Non;50;42;48;Non admis
912;Féminin;Groupe A;de 10 000 à moins de 20 000;4;Non;69;84;82;Assez bien
913;Féminin;Groupe C;de 30 000 à moins de 40 000;4;Oui;52;61;66;Passable
914;Féminin;Groupe C;de 30 000 à moins de 40 000;4;Oui;47;62;66;Passable
915;Féminin;Groupe B;50 000 et plus;4;Non;46;61;55;Passable
916;Féminin;Groupe E;de 10 000 à moins de 20 000;4;Non;68;70;66;Passable
917;Masculin;Groupe E;de 30 000 à moins de 40 000;4;Oui;100;100;100;Très bien
918;Féminin;Groupe C;moins de 10 000;4;Non;44;61;52;Passable
919;Féminin;Groupe C;50 000 et plus;4;Oui;57;77;80;Assez bien
920;Masculin;Groupe B;de 10 000 à moins de 20 000;4;Oui;91;96;91;Très bien
921;Masculin;Groupe D;moins de 10 000;4;Non;69;70;67;Passable
922;Féminin;Groupe C;moins de 10 000;4;Non;35;53;46;Non admis
923;Masculin;Groupe D;moins de 10 000;4;Non;72;66;66;Passable
924;Féminin;Groupe B;50 000 et plus;4;Non;54;65;65;Passable
925;Masculin;Groupe D;moins de 10 000;4;Non;74;70;69;Assez bien
926;Masculin;Groupe E;de 40 000 à moins de 50 000;4;Oui;74;64;60;Passable
927;Masculin;Groupe E;50 000 et plus;4;Non;64;56;52;Passable
928;Féminin;Groupe D;moins de 10 000;4;Oui;65;61;71;Passable
929;Masculin;Groupe E;50 000 et plus;4;Oui;46;43;44;Non admis
930;Féminin;Groupe C;de 40 000 à moins de 50 000;4;Non;48;56;51;Passable
931;Masculin;Groupe C;de 10 000 à moins de 20 000;4;Oui;67;74;70;Assez bien
932;Masculin;Groupe D;de 10 000 à moins de 20 000;4;Non;62;57;62;Passable
933;Masculin;Groupe D;50 000 et plus;4;Oui;61;71;73;Passable
934;Masculin;Groupe C;de 30 000 à moins de 40 000;4;Oui;70;75;74;Assez bien
935;Masculin;Groupe C;50 000 et plus;4;Oui;98;87;90;Très bien
936;Masculin;Groupe D;de 10 000 à moins de 20 000;4;Non;70;63;58;Passable
937;Masculin;Groupe A;50 000 et plus;4;Non;67;57;53;Passable
938;Féminin;Groupe E;moins de 10 000;4;Non;57;58;57;Passable
939;Masculin;Groupe D;de 10 000 à moins de 20 000;4;Oui;85;81;85;Bien
940;Masculin;Groupe D;de 40 000 à moins de 50 000;4;Oui;77;68;69;Assez bien
941;Masculin;Groupe C;de 20 000 à moins de 30 000;4;Oui;72;66;72;Assez bien
942;Féminin;Groupe D;de 20 000 à moins de 30 000;4;Non;78;91;96;Bien
943;Masculin;Groupe C;moins de 10 000;4;Non;81;66;64;Assez bien
944;Masculin;Groupe A;de 40 000 à moins de 50 000;4;Oui;61;62;61;Passable
945;Féminin;Groupe B;moins de 10 000;5;Non;58;68;61;Passable
946;Féminin;Groupe C;50 000 et plus;5;Non;54;61;58;Passable
947;Masculin;Groupe B;moins de 10 000;5;Non;82;82;80;Bien
948;Féminin;Groupe D;de 10 000 à moins de 20 000;5;Non;49;58;60;Passable
949;Masculin;Groupe B;de 40 000 à moins de 50 000;5;Oui;49;50;52;Passable
950;Féminin;Groupe E;moins de 10 000;5;Oui;57;75;73;Passable
951;Masculin;Groupe E;moins de 10 000;6;Non;94;73;71;Assez bien
952;Féminin;Groupe D;de 10 000 à moins de 20 000;6;Oui;75;77;83;Assez bien
953;Féminin;Groupe E;de 40 000 à moins de 50 000;6;Non;74;74;72;Assez bien
954;Masculin;Groupe C;moins de 10 000;6;Oui;58;52;54;Passable
955;Féminin;Groupe C;de 10 000 à moins de 20 000;6;Non;62;69;69;Passable
956;Masculin;Groupe E;50 000 et plus;6;Non;72;57;62;Passable
957;Masculin;Groupe C;de 10 000 à moins de 20 000;6;Non;84;87;81;Bien
958;Féminin;Groupe D;de 20 000 à moins de 30 000;2;Non;92;100;100;Très bien
959;Féminin;Groupe D;moins de 10 000;2;Non;45;63;59;Passable
960;Masculin;Groupe C;moins de 10 000;2;Non;75;81;71;Assez bien
961;Féminin;Groupe A;de 10 000 à moins de 20 000;2;Non;56;58;64;Passable
962;Féminin;Groupe D;de 40 000 à moins de 50 000;2;Non;48;54;53;Passable
963;Féminin;Groupe E;50 000 et plus;2;Non;100;100;100;Très bien
964;Féminin;Groupe C;de 40 000 à moins de 50 000;2;Oui;65;76;75;Assez bien
965;Masculin;Groupe D;de 10 000 à moins de 20 000;2;Non;72;57;58;Passable
966;Féminin;Groupe D;de 10 000 à moins de 20 000;2;Non;62;70;72;Passable
967;Masculin;Groupe A;de 40 000 à moins de 50 000;2;Oui;66;68;64;Passable
968;Masculin;Groupe C;de 10 000 à moins de 20 000;2;Non;63;63;60;Passable
969;Féminin;Groupe E;50 000 et plus;2;Non;68;76;67;Assez bien
970;Féminin;Groupe B;de 30 000 à moins de 40 000;2;Non;75;84;80;Bien
971;Féminin;Groupe D;de 30 000 à moins de 40 000;2;Non;89;100;100;Très bien
972;Masculin;Groupe C;de 40 000 à moins de 50 000;2;Oui;78;72;69;Assez bien
973;Féminin;Groupe A;moins de 10 000;2;Oui;53;50;60;Passable
974;Féminin;Groupe D;de 10 000 à moins de 20 000;2;Non;49;65;61;Passable
975;Féminin;Groupe A;de 10 000 à moins de 20 000;2;Non;54;63;67;Passable
976;Féminin;Groupe C;de 10 000 à moins de 20 000;2;Oui;64;82;77;Assez bien
977;Masculin;Groupe B;de 10 000 à moins de 20 000;2;Oui;60;62;60;Passable
978;Masculin;Groupe C;50 000 et plus;2;Non;62;65;58;Passable
979;Masculin;Groupe D;moins de 10 000;2;Oui;55;41;48;Non admis
980;Féminin;Groupe C;50 000 et plus;2;Non;91;95;94;Très bien
981;Féminin;Groupe B;moins de 10 000;2;Non;8;24;23;Non admis
982;Masculin;Groupe D;de 40 000 à moins de 50 000;2;Non;81;78;78;Assez bien
983;Masculin;Groupe B;de 40 000 à moins de 50 000;2;Oui;79;85;86;Bien
984;Féminin;Groupe A;de 10 000 à moins de 20 000;2;Oui;78;87;91;Bien
985;Féminin;Groupe C;de 40 000 à moins de 50 000;2;Non;74;75;82;Assez bien
986;Masculin;Groupe A;moins de 10 000;2;Non;57;51;54;Passable
987;Féminin;Groupe C;50 000 et plus;2;Non;40;59;51;Passable
988;Masculin;Groupe E;de 40 000 à moins de 50 000;3;Oui;81;75;76;Assez bien
989;Féminin;Groupe A;de 40 000 à moins de 50 000;3;Non;44;45;45;Non admis
990;Féminin;Groupe D;de 10 000 à moins de 20 000;3;Oui;67;86;83;Assez bien
991;Masculin;Groupe E;moins de 10 000;3;Oui;86;81;75;Bien
992;Féminin;Groupe B;de 40 000 à moins de 50 000;3;Oui;65;82;78;Assez bien
993;Féminin;Groupe D;50 000 et plus;3;Non;55;76;76;Passable
994;Féminin;Groupe D;de 30 000 à moins de 40 000;3;Non;62;72;74;Passable
995;Masculin;Groupe A;moins de 10 000;3;Non;63;63;62;Passable
996;Féminin;Groupe E;de 20 000 à moins de 30 000;3;Oui;88;99;95;Très bien
997;Masculin;Groupe C;moins de 10 000;1;Non;62;55;55;Passable
998;Féminin;Groupe C;moins de 10 000;1;Oui;59;71;65;Passable
999;Féminin;Groupe D;de 10 000 à moins de 20 000;1;Oui;68;78;77;Assez bien
1000;Féminin;Groupe D;de 10 000 à moins de 20 000;1;Non;77;86;86;Bien
